{
  "corners": {
    "1": [
      -3650.594482421875,
      1193.7841796875
    ],
    "2": [
      -3555.05322265625,
      1992.750244140625
    ],
    "3": [
      -7194.97021484375,
      7101.9423828125
    ],
    "4": [
      -5878.734375,
      7709.86474609375
    ],
    "5": [
      -5870.66259765625,
      9676.8056640625
    ],
    "6": [
      -2280.641357421875,
      11861.5595703125
    ],
    "7": [
      -1296.3824462890625,
      11398.0087890625
    ],
    "8": [
      502.41253662109375,
      10576.3115234375
    ],
    "9": [
      2838.84375,
      798.9598388671875
    ],
    "10": [
      3973.896484375,
      855.0198974609375
    ],
    "11": [
      7489.130859375,
      -4851.34521484375
    ],
    "12": [
      5020.2177734375,
      -5538.8876953125
    ],
    "13": [
      3587.2265625,
      -3634.0
    ],
    "14": [
      2300.2841796875,
      -4454.0234375
    ]
  },
  "drs_zones": {}
}